1,132,10000 maniacs,rock,0.3
133,232,12 stones,rock,0.3
233,346,3 doors down,rock,4.9
347,563,311,rock,0.5
564,587,4 non blondes,rock,7.5
588,693,a day to remember,rock,0.7
694,907,ac dc,rock,10.8
908,912,acid tree,rock,0
913,913,adam albuquerque,rock,0
914,1047,adam lambert,pop,1.4
1048,1050,adrian suirady,rock,0
1051,1316,aerosmith,rock,16.5
1317,1526,afi,Pop,0.1
1527,1527,agnela,rock,0.1
1528,1729,alanis morissette,rock,5.8
1730,1753,alejandro escovedo,rock,0
1754,1853,alesana,rock,0.1
1854,1859,alex turner,rock,0.4
1860,2191,alice cooper,rock,1.2
2192,2320,alice in chains,rock,3.3
2321,2462,all time low,rock,0.7
2463,2559,alter bridge,rock,1.4
2560,2569,am,rock,0
2570,2614,amy lee,rock,0.5
2615,2729,anberlin,rock,0.1
2730,2773,andi deris,rock,0
2774,2805,andrew w k,rock,0
2806,2943,angra,rock,2.2
2944,3055,the arcade fire,rock,0
3056,3207,arctic monkeys,rock,14.1
3208,3209,arthur brown,rock,0
3210,3310,asking alexandria,rock,1
3311,3383,audioslave,rock,4.3
3384,3391,audrye sessions,rock,0
3392,3393,autoramas,rock,0.1
3394,3527,avenged sevenfold,rock,6.2
3528,3689,avril lavigne,rock,22.6
3690,3986,bad religion,rock,0.7
3987,4108,badfinger,rock,0.3
4109,4182,band of horses,rock,0.3
4183,4186,banda sum,rock,0
4187,4187,barao vermelho,rock,3.8
4188,4271,barlowgirl,rock,0.4
4272,4305,beady eye,rock,0.1
4306,4488,beastie boys,hip hop,0.6
4489,4819,beck,rock,0.6
4820,4874,beeshop,rock,0.2
4875,5061,ben harper,rock,2.5
5062,5134,ben kweller,rock,0
5135,5155,bens brother,rock,0.3
5156,5272,berlin,rock,1.6
5273,5333,big star,rock,0.1
5334,5371,bill haley his comets,rock,0
5372,5420,billy burnette,rock,0
5421,5511,billy squier,rock,0
5512,5515,biosystem 55,rock,0
5516,5517,biquini cavadao,rock,3.4
5518,5724,black sabbath,rock,3.7
5725,5726,black ties,rock,0
5727,5834,black veil brides,rock,0.6
5835,5906,bleach,rock,0
5907,5998,blessthefall,rock,0.1
5999,6185,blink 182,rock,3.8
6186,6351,blondie,rock,0.7
6352,6355,blowdrivers,rock,0
6356,6552,blur,rock,0.6
6553,7111,bob dylan,rock,6.4
7112,7483,bon jovi,rock,31.2
7484,7486,boogarins,rock,0.2
7487,7487,box 47,rock,0
7488,7588,breaking benjamin,rock,0.9
7589,7702,bring me the horizon,rock,4.2
7703,8204,bruce springsteen,rock,4.1
8205,8448,bryan adams,rock,11.3
8449,8511,buddy holly,rock,0.2
8512,8517,buddy knox,rock,0
8518,8564,buffalo springfield,rock,0.2
8565,8680,bullet for my valentine,rock,0.8
8681,8756,bumblefoot,rock,0
8757,8901,bush,rock,0.6
8902,8902,camisa de venus,rock,0.6
8903,8947,camp rock,pop,1.6
8948,8949,capital inicial,rock,8.1
8950,9010,carbona,rock,0.1
9011,9012,dr cascadura,rock,0
9013,9032,cassia eller,rock,7.5
9033,9033,cazuza,rock,9.6
9034,9043,celio azevedo,rock,0
9044,9049,chal,rock,0
9050,9133,chantal kreviazuk,rock,0.6
9134,9140,charge,rock,0
9141,9143,charlie brown jr,rock,25.7
9144,9335,cheap trick,rock,0.2
9336,9438,chris cornell,rock,1.2
9439,9587,chris isaak,rock,2.1
9588,9591,chris richardson,rock,0
9592,9775,chuck berry,rock,0.7
9776,9820,cinema bizarre,rock,0.1
9821,10109,cliff richard and the shadows,rock,0
10110,10189,cobra starship,Pop,0.1
10190,10311,coheed and cambria,rock,0.1
10312,10525,coldplay,Pop,0.1
10526,10669,counting crows,rock,1.5
10670,10829,cowboy junkies,rock,0.1
10830,10830,cpm 22,rock,3.2
10831,10831,crazy horse 11,rock,0
10832,10914,cream,rock,0.2
10915,10996,creed,rock,6.6
10997,11086,creedence clearwater revival,rock,5.2
11087,11203,crowded house,pop,1
11204,11208,cruithne band,rock,0
11209,11211,cw7,rock,0.1
11212,11244,dan auerbach,rock,0.1
11245,11284,dan,rock,0
11285,11298,dance of days,rock,0.3
11299,11371,danko jones,rock,0
11372,11421,danni carlos,pop,0.8
11422,11524,daughtry,rock,1.4
11525,11538,dave edmunds,rock,0
11539,11995,david bowie,rock,8.1
11996,12030,dawes,rock,0.1
12031,12043,dead fish,rock,0.7
12044,12281,deep purple,rock,2
12282,12338,deerhunter,rock,0
12339,12503,deftones,rock,0.7
12504,12602,demon hunter,rock,0.2
12603,12740,descendents,Pop,0.1
12741,12742,detonautas roque clube,rock,2
12743,12856,dido,rock,2.4
12857,12944,dire straits,rock,5
12945,12974,dirty pretty things,rock,0
12975,12992,disperse,rock,0
12993,13140,disturbed,rock,2.9
13141,13185,dog eat dog,rock,0
13186,13186,dona mag,rock,0
13187,13311,dr sin,rock,0
13312,13424,drake bell,pop,0.3
13425,13646,duran duran,pop,2.8
13647,13656,dying kingdom,rock,0
13657,13733,eagle eye cherry,rock,0.9
13734,13854,echo and the bunnymen,rock,0.5
13855,13883,eddie cochran,rock,0
13884,13933,eddie vedder,rock,3
13934,14045,elbow,rock,0.1
14046,14092,electronic,rock,0.1
14093,14591,elvis costello,rock,4.2
14592,15362,elvis presley,rock,20.8
15363,15469,emmerson nogueira,rock,0.9
15470,15480,endeverafter,rock,0
15481,15607,epica,rock,1
15608,16032,eric clapton,rock,6.4
16033,16033,erro 061,rock,0
16034,16146,escape the fate,rock,0.3
16147,16147,esquerita,rock,0
16148,16159,esteban,rock,0.9
16160,16160,eternal alliance,rock,0
16161,16285,evanescence,rock,7.9
16286,16431,everclear,rock,0.1
16432,16432,explosions in the sky,rock,0
16433,16517,extreme,rock,5.2
16518,16590,eyes set to kill,rock,0.1
16591,16709,faith no more,rock,1.6
16710,16875,fall out boy,rock,2.4
16876,16960,falling in reverse,rock,0.5
16961,16962,falling sets fire,rock,0
16963,17028,falling up,rock,0
17029,17032,filanos,rock,0
17033,17122,fiona apple,rock,0.2
17123,17215,fireflight,rock,0.4
17216,17216,fireheat,rock,0
17217,17218,fiuk,pop,0.3
17219,17493,fleetwood mac,rock,3.6
17494,17540,flying burrito brothers,rock,0
17541,17649,flyleaf,rock,0.3
17650,17837,foo fighters,rock,9.1
17838,17880,for all those sleeping,rock,0
17881,17887,forestside,rock,0
17888,17891,forfun,Pop,0.1
17892,17902,forty deuce,rock,0
17903,18012,franz ferdinand,rock,0.9
18013,18166,freddie mercury,rock,9.9
18167,18168,frejat,rock,3.5
18169,18169,fresno,rock,2.2
18170,18289,funeral for a friend,rock,0.1
18290,18443,garbage,rock,0.4
18444,18462,gene summers,rock,0
18463,18612,george michael,pop,5.1
18613,18632,glasvegas,rock,0
18633,18636,gloria,rock,0.6
18637,18646,godspeed you black emperor,rock,0
18647,18650,gold n soul,rock,0
18651,18655,golden duck orchestra,rock,0
18656,18844,goo goo dolls,rock,4
18845,18987,good charlotte,rock,0.8
18988,19135,gorillaz,rock,2.7
19136,19162,gram parsons,rock,0
19163,19296,grand funk railroad,rock,0.2
19297,19553,green day,rock,7.4
19554,19590,greta van fleet,rock,1.2
19591,19714,guns n roses,rock,23.6
19715,19718,gustavo goulart,rock,0
19719,19887,heart,rock,1.6
19888,19888,hevo84,Pop,0.1
19889,19918,hey monday,rock,0
19919,19984,high school musical,Pop,0.1
19985,20117,him,rock,0.4
20118,20185,hinder,rock,0.3
20186,20196,hollywood rose,rock,0
20197,20320,hollywood undead,rock,0.7
20321,20447,hoobastank,rock,2.2
20448,20448,hori,pop,0.3
20449,20451,hurry up,rock,0
20452,20578,ian dury and the blockheads,rock,0
20579,20613,ike turner,rock,0
20614,20747,imagine dragons,rock,61.3
20748,20754,in the dark,rock,0
20755,20905,incubus,rock,1.9
20906,20913,interceptor,rock,0
20914,21084,inxs,rock,1.7
21085,21088,ira,rock,3.4
21089,21298,iron maiden,rock,6.8
21299,21321,iron weasel,rock,0
21322,21338,isabella taviani,rock,1.3
21339,21455,james blunt,pop,7.2
21456,21548,james morrison,rock,1.9
21549,21632,janes addiction,rock,0.3
21633,21770,janis joplin,rock,4.3
21771,21944,jars of clay,rock,0.1
21945,22148,jerry lee lewis,rock,0.2
22149,22149,jesus generation,rock,0
22150,22214,jet,rock,2.1
22215,22357,jimi hendrix,rock,1.8
22358,22365,jimmy breedlove,rock,0
22366,22528,jimmy eat world,rock,0.3
22529,22728,joan jett the blackhearts,rock,0
22729,22774,joe perry project,rock,0
22775,22928,john lennon,rock,12.9
22929,22979,johnny marr,rock,0
22980,23142,johnny rivers,rock,1.6
23143,23273,johnny winter,rock,0.1
23274,23442,jonas brothers,pop,1.4
23443,23445,jota quest,pop,13.3
23446,23629,journey,rock,2.5
23630,23675,juliette lewis and the licks,rock,0
23676,23807,kaiser chiefs,rock,0.4
23808,23951,kansas,rock,3.5
23952,24057,kasabian,rock,0.3
24058,24186,keane,rock,3.3
24187,24317,kerli,pop,0.9
24318,24320,khorus,Pop,0.1
24321,24323,kiara,rock,0
24324,24450,killing joke,rock,0.1
24451,24575,kings of leon,rock,6.7
24576,24874,kiss,rock,5.1
24875,25116,korn,rock,1.7
25117,25243,kt tunstall,rock,0.7
25244,25292,lcd soundsystem,rock,0.2
25293,25405,led zeppelin,rock,9.2
25406,25412,legiao urbana,rock,27.7
25413,25413,legius,Pop,0.1
25414,25625,lenny kravitz,rock,3.2
25626,25626,leo diaz,Pop,0.1
25627,25841,less than jake,rock,0.1
25842,25868,liam gallagher,rock,0.2
25869,25871,libra,rock,0.1
25872,26037,lifehouse,rock,7.5
26038,26040,like a boss,rock,0
26041,26190,limp bizkit,rock,1.9
26191,26426,linkin park,rock,22
26427,26433,linkin park jay z,rock,0
26434,26500,little richard,rock,0.3
26501,26503,lobao,rock,1.3
26504,26507,lonsdale boys club,rock,0
26508,26508,los hermanos,rock,5.5
26509,26748,lou reed,rock,0.7
26749,26806,love,rock,0.1
26807,26950,low,rock,0.1
26951,26955,lucas ray exp,rock,0
26956,26961,lulu santos,rock,10
26962,27147,lynyrd skynyrd,rock,2.3
27148,27218,m83,Pop,0.1
27219,27222,malta,rock,1.4
27223,27232,mamilo mandala,rock,0
27233,27234,mamonas assassinas,rock,5
27235,27509,manic street preachers,rock,0.2
27510,27524,mara,rock,0
27525,27526,marcelo nova,rock,0.1
27527,27772,marianne faithfull,rock,0.1
27773,27969,marillion,rock,0.8
27970,28195,marilyn manson,rock,2.8
28196,28197,marino scheid,rock,0
28198,28372,maroon 5,pop,90.3
28373,28406,massacration,rock,0.5
28407,28429,matanza,rock,1.3
28430,28524,matchbox 20,rock,1
28525,28706,mcfly,pop,2.2
28707,28915,megadeth,rock,1.1
28916,28916,megaira,rock,0
28917,28972,men at work,rock,1.6
28973,29038,meredith brooks,rock,0.5
29039,29236,metallica,rock,13.4
29237,29316,mgmt,rock,0.6
29317,29375,michael kiske,rock,0
29376,29474,michelle branch,rock,0.3
29475,29526,miles kane,rock,0
29527,29577,mindflow,rock,0.2
29578,29639,miranda cosgrove,pop,0.4
29640,29800,misfits,rock,0.5
29801,29815,missing takes,rock,0
29816,29819,moptop,rock,0.1
29820,30078,morrissey,rock,2.3
30079,30109,mortiis,rock,0
30110,30401,motorhead,rock,1
30402,30564,muse,rock,3.8
30565,30574,os mutantes,rock,1
30575,30693,my chemical romance,rock,2.3
30694,30696,my ghostly cathy,rock,0
30697,30796,my morning jacket,rock,0.1
30797,30801,nacao zumbi,Pop,0.1
30802,30814,narinas,rock,0
30815,30835,naruto,rock,2.9
30836,30963,natalie merchant,rock,0.1
30964,31255,nazareth,rock,4.1
31256,31358,needtobreathe,rock,0.5
31359,31871,neil young,rock,3.1
31872,31939,neutral milk hotel,rock,0
31940,31940,nevilton,rock,0
31941,32134,new model army,rock,0.1
32135,32441,nick cave the bad seeds,rock,1
32442,32547,nick jonas,pop,1.9
32548,32685,nickelback,rock,10.2
32686,32825,nightwish,rock,2.3
32826,32972,nirvana,rock,11.6
32973,33113,no doubt,rock,1.7
33114,33183,noel gallagher,rock,0.5
33184,33189,nova,rock,0
33190,33193,nxzero,rock,3.4
33194,33194,o surto,rock,0.5
33195,33295,oar,rock,0
33296,33480,oasis,rock,12.2
33481,33486,oficina g3,rock,2.3
33487,33594,onerepublic,rock,9.1
33595,33605,paralamas do sucesso,rock,7
33606,33801,ozzy osbourne,rock,3.4
33802,33963,p o d,rock,1
33964,34097,panic at the disco,Pop,0.1
34098,34273,papa roach,rock,1.4
34274,34412,paramore,rock,7.4
34413,34556,pat benatar,rock,0.3
34557,34572,pato fu,rock,1.4
34573,34725,patti smith,rock,0.4
34726,34801,paul gilbert,rock,0
34802,35248,paul mccartney,rock,8.3
35249,35250,paulo medeiros,rock,0
35251,35364,pavement,rock,0.1
35365,35598,pearl jam,rock,20.4
35599,35601,pedra leticia,rock,1.1
35602,35762,phil collins,Pop,0.1
35763,35845,phoenix,rock,0.6
35846,36033,pink floyd,rock,30.9
36034,36041,pitty,rock,8.1
36042,36213,placebo,rock,1.1
36214,36216,planet hemp,rock,2.1
36217,36220,poemas eletricos,rock,0
36221,36331,poets of the fall,rock,0.2
36332,36451,primal scream,rock,0.1
36452,36452,propagnda,rock,0
36453,36538,puddle of mudd,rock,0.4
36539,36539,pull down,rock,0
36540,36542,purple eyed raven,rock,0
36543,36788,queen,rock,69.5
36789,36916,queens of the stone age,rock,1.4
36917,37182,r e m,rock,6.8
37183,37391,radiohead,rock,5.3
37392,37482,rage against the machine,rock,1.5
37483,37498,raimundos,rock,4.2
37499,37590,rainbow,rock,0.6
37591,37639,rammstein,rock,24
37640,37872,the ramones,rock,3
37873,37886,rascal experience,rock,0
37887,37921,raul seixas,rock,14
37922,37924,reacao em cadeia,rock,0.8
37925,38013,red,rock,2.3
38014,38293,red hot chili peppers,rock,18.6
38294,38301,red light dc,rock,0
38302,38332,renato russo,rock,6.2
38333,38335,resgate,rock,0.4
38336,38344,resylia,rock,0
38345,38435,reverend horton heat,rock,0
38436,38436,rhino head,rock,0
38437,38706,richard thompson,rock,0
38707,38774,sambora richie,rock,0
38775,38941,ricky nelson,rock,0.1
38942,39092,rise against,rock,0.5
39093,39093,rising heart,rock,0
39094,39110,rita lee,rock,7.6
39111,39122,ritchie valens,rock,1.1
39123,39582,rod stewart,rock,12.2
39583,39585,rodox,rock,0.7
39586,39590,rodrigo lamore,rock,0
39591,39598,rollercoaster band,rock,0
39599,40053,the rolling stones,rock,11
40054,40054,ronnie von,rock,0.5
40055,40058,rosa de saron,rock,8.2
40059,40267,roxette,pop,9.7
40268,40270,rpm,rock,1.9
40271,40271,rude,rock,0.1
40272,40465,rush,rock,1.4
40466,40491,russell allen,rock,0
40492,40725,ryan adams,rock,0.3
40726,40822,crepusculo trilha sonora,rock,5
40823,40823,saint pradier,rock,0
40824,40921,saliva,rock,0.1
40922,41109,santana,rock,1.9
41110,41255,sarah mclachlan,rock,1.1
41256,41282,savages,rock,0
41283,41284,scalene,rock,0.8
41285,41324,scars on broadway,rock,0.2
41325,41589,scorpions,rock,29.1
41590,41632,scott stapp,rock,0.1
41633,41633,scracho,Pop,0.1
41634,41655,screamin jay hawkins,rock,0
41656,41778,seether,rock,1.9
41779,41784,septembre,rock,0
41785,41860,serj tankian,rock,0.4
41861,42024,sheryl crow,rock,0.7
42025,42132,shinedown,rock,0.5
42133,42146,sigur ros,Pop,0.1
42147,42260,silverchair,rock,1.6
42261,42437,simple minds,rock,1.7
42438,42553,simple plan,rock,5.6
42554,42633,sixx a m,rock,0
42634,42637,skank,rock,12.3
42638,42747,skid row,rock,1.3
42748,42898,skillet,rock,2.6
42899,43117,slade,rock,0.5
43118,43227,slashs snakepit,rock,1
43228,43322,sleeping with sirens,rock,0.8
43323,43456,slipknot,rock,6.7
43457,43504,small faces,rock,0
43505,43784,smashing pumpkins,rock,1.2
43785,43936,snow patrol,rock,4.1
43937,44183,sonic youth,rock,0.2
44184,44334,soul asylum,rock,0.7
44335,44340,souls of rage,rock,0
44341,44344,sound of june,rock,0
44345,44483,soundgarden,rock,1
44484,44605,staind,rock,0.7
44606,44788,stereophonics,rock,0.6
44789,45041,steve earle,rock,0.1
45042,45076,steven tyler,rock,0.2
45077,45224,stevie nicks,rock,0.4
45225,45233,stone breeze,rock,0
45234,45376,stone sour,rock,1.7
45377,45489,stray cats,rock,0.1
45490,45503,sublime with rome,rock,0.3
45504,45629,sum 41,rock,0.8
45630,45630,supercombo,rock,2.2
45631,45650,superdrive,rock,0
45651,45759,supernatural serie,rock,1
45760,45871,survivor,rock,1.2
45872,45872,suspense,rock,0
45873,46074,switchfoot,rock,0.8
46075,46199,system of a down,rock,8.8
46200,46307,taking back sunday,rock,0.2
46308,46358,tank band,rock,0
46359,46468,tarja turunen,rock,0.3
46469,46502,ted nugent,rock,0.1
46503,46656,teenage fanclub,rock,0.1
46657,46770,tenacious d,rock,0.4
46771,46866,the all american rejects,rock,0.4
46867,46974,the animals,rock,2
46975,47012,the automatic,rock,0
47013,47220,the band,rock,0.2
47221,47577,beach boys,rock,1
47578,47919,the beatles,rock,42.9
47920,48071,the black keys,rock,1.3
48072,48122,the bravery,rock,0.2
48123,48281,the byrds,rock,0.2
48282,48343,the cab,rock,0.1
48344,48403,the calling,rock,3.6
48404,48508,cramps,rock,0
48509,48655,the cranberries,rock,9.4
48656,48814,the cult,rock,0.7
48815,49094,the cure,rock,3.2
49095,49130,the dead weather,rock,0
49131,49268,the donnas,rock,0.1
49269,49426,the doors,rock,5.8
49427,49434,the ed sons,rock,0
49435,49482,faces,rock,0
49483,49668,the flaming lips,rock,0.1
49669,49764,the fray,Pop,0.1
49765,49891,the gathering,rock,0.1
49892,49940,gazette,rock,0
49941,49950,the go team,rock,0
49951,49964,the good the bad the queen,rock,0
49965,50067,the hives,rock,0.1
50068,50176,the jam,rock,0.1
50177,50333,the jesus and mary chain,rock,0.2
50334,50472,the killers,rock,4.1
50473,50588,the kills,rock,0.2
50589,50734,the kooks,rock,1.7
50735,50872,the lemonheads,rock,0.1
50873,50927,the maccabees,rock,0
50928,51069,the maine,rock,0.6
51070,51075,the melties,rock,0
51076,51082,the million dollar quartet,rock,0
51083,51092,the minimalistas,rock,0
51093,51102,monks,rock,0
51103,51188,the naked brothers band,rock,0
51189,51353,the offspring,rock,2.8
51354,51366,the panic channel,rock,0
51367,51486,pogues,rock,0
51487,51571,the police,rock,8.2
51572,51670,the pretty reckless,rock,1.8
51671,51708,the raconteurs,rock,0.1
51709,51848,the rasmus,rock,0.4
51849,51941,the red jumpsuit apparatus,rock,0.1
51942,52014,runaways,rock,0
52015,52112,the smiths,rock,3.8
52113,52172,the stone roses,rock,0.1
52173,52278,the strokes,rock,2.5
52279,52284,the trashmen,rock,0
52285,52412,the used,rock,0.2
52413,52486,the vaccines,rock,0.2
52487,52608,the veronicas,rock,0.4
52609,52706,the verve,rock,1.9
52707,52793,the vines,rock,0
52794,52796,the whales,rock,0
52797,53053,the who,rock,2.2
53054,53145,theory of a deadman,rock,1.7
53146,53338,third day,rock,1
53339,53445,thirty seconds to mars,rock,3.2
53446,53575,thousand foot krutch,rock,0.5
53576,53685,three days grace,rock,2.6
53686,53687,titas,rock,8.9
53688,53692,to have heroes,rock,0
53693,53807,toby mac,rock,0.4
53808,53891,tokio hotel,rock,0.7
53892,54112,tom petty and the heartbreakers,rock,0
54113,54416,tori amos,rock,0.4
54417,54417,torugo teles,rock,0
54418,54560,train,rock,3.1
54561,54903,u2,rock,21.8
54904,54918,ultraje a rigor,rock,2.1
54919,55206,uriah heep,rock,0.4
55207,55270,vampire weekend,rock,0.2
55271,55419,van halen,rock,1.9
55420,55929,van morrison,rock,0.8
55930,56019,vanessa carlton,pop,1.8
56020,56056,vanguart,rock,0.8
56057,56057,velhas virgens,rock,2.4
56058,56155,velvet underground,rock,0.5
56156,56162,viktor hiugo,rock,0
56163,56163,vitor de martinelli,rock,0
56164,56319,warren zevon,rock,0.1
56320,56411,we the kings,rock,0
56412,56672,weezer,rock,1.8
56673,56809,the white stripes,rock,1
56810,56978,whitesnake,rock,2.2
56979,57167,wilco,rock,0.1
57168,57319,within temptation,rock,1.8
57320,57368,wolfmother,rock,0.1
57369,57526,wwe,rock,0.3
57527,57597,x band,rock,0
57598,57755,yellowcard,rock,0.4
57756,57948,yes,rock,1.4
57949,57953,yves klein blue,rock,0
57954,57956,ze maholics,rock,0
57957,58153,zz top,rock,0.5
58154,58255,2 chainz,hip hop,0.2
58256,58266,21 savage,hip hop,1
58267,58366,3oh3,pop,0
58367,58853,50 cent,hip hop,17.9
58854,58939,ace hood,hip hop,0.1
58940,59258,akon,pop,9.8
59259,59259,alexandre ghati,hip hop,0
59260,59440,ashanti,hip hop,0.3
59441,59441,audiodax,hip hop,0
59442,59541,b gizzle,hip hop,0
59542,59808,b o b,Pop,0.1
59809,59920,b2k,hip hop,0.4
59921,59926,baby boy da prince,hip hop,0
59927,59960,bad meets evil,hip hop,0.2
59961,60143,beastie boys,hip hop,0.6
60144,60404,beyonce,pop,40.8
60405,60513,big sean,hip hop,2.1
60514,60581,big bang,hip hop,1
60582,60667,birdman,hip hop,0.1
60668,60831,black eyed peas,hip hop,14
60832,60889,black moon,hip hop,0
60890,60936,blake lewis,pop,0
60937,61102,bow wow,hip hop,0.7
61103,61106,brisco,hip hop,0
61107,61152,bun b,hip hop,0
61153,61154,calle 13,hip hop,0.6
61155,61219,cardi b,hip hop,4.3
61220,61438,chamillionaire,hip hop,0.8
61439,61484,chance the rapper,hip hop,0.2
61485,61491,chantelle paige,pop,0
61492,61573,cher lloyd,pop,0.6
61574,61632,cherish,hip hop,0.3
61633,61664,chiddy bang,hip hop,0
61665,62249,chris brown,hip hop,14.3
62250,62260,chris webby,hip hop,0
62261,62333,christina milian,hip hop,0
62334,62497,ciara,hip hop,2.5
62498,62503,closed heart surgery,hip hop,0
62504,62504,codder,Pop,0.1
62505,62557,colby o donis,hip hop,0
62558,62715,common,hip hop,0.3
62716,62737,cory gunz,hip hop,0
62738,62753,d woods,hip hop,0
62754,62894,d12,hip hop,0.2
62895,62904,daddy yankee,hip hop,2.9
62905,62924,danny brown,hip hop,0
62925,62958,diddy dirty money,Pop,0.1
62959,63091,dj khaled,hip hop,2.7
63092,63377,drake,hip hop,21.2
63378,63565,e 40,hip hop,0.1
63566,63607,eamon,hip hop,1
63608,63611,ed sheeran yelawolf,hip hop,0
63612,64080,eminem,hip hop,79.9
64081,64125,ester dean,hip hop,0
64126,64127,fabio coco,hip hop,0
64128,64221,far east movement,pop,0.3
64222,64372,fat joe,hip hop,0.4
64373,64461,fergie,hip hop,3.5
64462,64598,flo rida,hip hop,2.4
64599,64632,flobots,hip hop,0
64633,64682,fort minor,hip hop,0.4
64683,64764,foxy brown,hip hop,0
64765,64893,frank ocean,hip hop,0.7
64894,64900,franky fade,hip hop,0
64901,65014,g unit,hip hop,0.3
65015,65015,gabriel pensador,hip hop,7
65016,65018,glasses malone,hip hop,0
65019,65166,gorillaz,rock,2.7
65167,65213,grits,hip hop,0.1
65214,65391,gucci mane,hip hop,0.6
65392,65406,gudda gudda,hip hop,0
65407,65478,gym class heroes,hip hop,0.4
65479,65549,hoodie allen,hip hop,0
65550,65810,ice cube,hip hop,1.3
65811,65922,iggy azalea,hip hop,2.7
65923,65934,israel cruz,hip hop,0
65935,65964,iyaz,hip hop,0.1
65965,65972,izzo,hip hop,0
65973,66106,j cole,hip hop,0
66107,66298,ja rule,hip hop,2.1
66299,66349,jadakiss,hip hop,0
66350,66372,jae millz,hip hop,0
66373,66488,jamie foxx,hip hop,0.3
66489,66613,jason derulo,pop,3.1
66614,66742,jay sean,pop,0.4
66743,67077,jay z,hip hop,4
67078,67102,jay z kanye west,hip hop,0
67103,67148,jeremih,hip hop,1.8
67149,67193,jhene aiko,hip hop,0.2
67194,67221,john cena,hip hop,0
67222,67380,justin timberlake,hip hop,14.5
67381,67625,kanye west,hip hop,4
67626,67700,karmin,pop,0.1
67701,67702,karol conka,hip hop,1.6
67703,67780,kehlani,hip hop,1.5
67781,67885,keke palmer,hip hop,0
67886,67991,kevin gates,hip hop,0.1
67992,68013,kevin rudolf,pop,0
68014,68117,kid cudi,hip hop,0.5
68118,68150,kreayshawn,hip hop,0.1
68151,68159,kris kross,hip hop,0
68160,68163,kyle lucas,hip hop,0
68164,68260,lecrae,hip hop,0.3
68261,68265,lil chuckee,hip hop,0
68266,68363,lil jon the east side boyz,hip hop,1
68364,68393,lil mama,hip hop,0
68394,69033,lil wayne,Pop,0.1
69034,69040,linkin park jay z,rock,0
69041,69173,lloyd banks,hip hop,0.1
69174,69242,lmfao,pop,0.7
69243,69382,m i a,hip hop,0.9
69383,69609,mac miller,hip hop,1.4
69610,69647,mack maine,hip hop,0
69648,69650,maddiba,hip hop,0
69651,69651,malik mustache,hip hop,0
69652,69939,mary j blige,hip hop,0
69940,69940,matheus c maraj,hip hop,0
69941,69941,matue,hip hop,4.7
69942,70059,meek mill,hip hop,0.5
70060,70060,mika means,hip hop,0
70061,70096,mindless behavior,hip hop,0
70097,70106,m v p,hip hop,0
70107,70191,mystikal,hip hop,0
70192,70228,n dubz,hip hop,0
70229,70344,nate dogg,hip hop,0.6
70345,70661,ne yo,hip hop,6.1
70662,70662,negra li,hip hop,0.9
70663,70853,nelly,hip hop,3.1
70854,70977,nelly furtado,pop,2
70978,70978,nellyy chris,pop,0
70979,71272,nicki minaj,pop,13.9
71273,71396,nicole scherzinger,pop,0.7
71397,71475,obie trice,hip hop,0.1
71476,71478,ojay,hip hop,0
71479,71629,omarion,hip hop,0.2
71630,71632,pablo nunes,hip hop,0
71633,71657,pac div,hip hop,0
71658,71661,papteezy,hip hop,0
71662,71666,patrona,hip hop,0
71667,71762,pharrell williams,pop,4
71763,71967,pitbull,pop,2.6
71968,72004,pj morton,pop,0
72005,72101,plies,hip hop,0.1
72102,72102,preck,hip hop,0
72103,72235,puff daddy,hip hop,1.7
72236,72238,rafael viva,hip hop,0
72239,72310,ray j,hip hop,0.2
72311,72577,rihanna,pop,40
72578,72618,rizzle kicks,hip hop,0
72619,72633,robot tank,hip hop,0
72634,72638,scarub,hip hop,0
72639,72730,sean kingston,pop,1.9
72731,72910,sean paul,hip hop,14.7
72911,73009,shanell,pop,0.1
73010,73016,short dawg,hip hop,0
73017,73048,slum village,hip hop,0
73049,73507,snoop dogg,hip hop,5
73508,73520,snoop dogg and wiz khalifa,hip hop,0
73521,73522,sonreal,hip hop,0
73523,73553,souleye,hip hop,0
73554,73807,soulja boy,hip hop,2.9
73808,73841,sticky fingaz,hip hop,0
73842,74015,t pain,hip hop,0.5
74016,74279,t i,hip hop,0.9
74280,74504,the game,hip hop,0.5
74505,74579,the lonely island,hip hop,0.5
74580,74658,the pussycat dolls,hip hop,3.4
74659,74823,timbaland,hip hop,1
74824,74949,tinashe,hip hop,0.6
74950,75002,tinie tempah,hip hop,0.2
75003,75003,tom tnf,hip hop,0
75004,75015,torion sellers,hip hop,0
75016,75048,travie mccoy,hip hop,0.4
75049,75071,travis barker,hip hop,0
75072,75478,2pac tupac shakur,hip hop,10
75479,75486,twenty88,hip hop,0
75487,75614,twista,hip hop,0.2
75615,75763,tyga,hip hop,1.4
75764,76041,usher,hip hop,4.3
76042,76114,velozes e furiosos,hip hop,2
76115,76140,vince staples,hip hop,0.1
76141,76165,vinnie paz,hip hop,0
76166,76218,waka flocka flame,hip hop,0.1
76219,76301,wale,hip hop,0.3
76302,76452,will smith,hip hop,0.8
76453,76559,will i am,hip hop,0.9
76560,76639,willow smith,pop,0.4
76640,76920,wiz khalifa,hip hop,8.7
76921,76947,wretch 32,hip hop,0
76948,77111,wu tang clan,hip hop,0.4
77112,77249,wyclef jean,hip hop,0.2
77250,77276,xv,hip hop,0
77277,77385,xxxtentacion,hip hop,9.2
77386,77538,xzibit,hip hop,0.1
77539,77549,ya boy,hip hop,0
77550,77581,young money,hip hop,0
77582,77623,yung joc,hip hop,0
77624,77756,nsync,pop,1
77757,77804,2ne1,pop,0.4
77805,77904,3oh3,pop,0
77905,78067,a ha,pop,7.1
78068,78135,a teens,pop,0.1
78136,78143,a r rahman,pop,0
78144,78287,abba,pop,13.6
78288,78421,adam lambert,pop,1.4
78422,78511,adele,pop,55.4
78512,78512,adrian delfenty,pop,0
78513,78514,adriana calcanhoto,pop,5
78515,78515,agnela,rock,0.1
78516,78516,ahlex a n,pop,0
78517,78835,akon,pop,9.8
78836,78844,alexandra savior,pop,0
78845,78845,alexandre ghati,hip hop,0
78846,79032,alicia keys,Pop,0.1
79033,79033,aline francelino,pop,0
79034,79075,allstar weekend,pop,0
79076,79115,alphabeat,pop,0
79116,79116,alvaro,pop,0
79117,79205,alvin the chipmunks,pop,0
79206,79216,aly michalka,pop,0
79217,79309,amy winehouse,Pop,0.1
79310,79315,ana carolina,pop,14.5
79316,79322,ana elisa renault,pop,0
79323,79324,anavitoria,pop,23.8
79325,79325,andre finhana,pop,0
79326,79391,andy grammer,pop,0.3
79392,79431,anggun,pop,0
79432,79449,anitta,pop,40.1
79450,79453,anne m,pop,0
79454,79633,ariana grande,pop,246.8
79634,79640,art of noise,pop,0
79641,79646,arthur melkey,pop,0
79647,79758,ashley tisdale,pop,15.9
79759,79865,austin mahone,pop,0.9
79866,80027,avril lavigne,rock,22.6
80028,80032,babado novo,pop,1.3
80033,80033,babi martinez,pop,0
80034,80034,bacco,Pop,0.1
80035,80262,backstreet boys,Pop,0.1
80263,80266,banda sum,rock,0
80267,80268,barbara dias,pop,4.2
80269,80269,beatz,pop,0
80270,80321,becky g,pop,3.2
80322,80895,bee gees,pop,10.4
80896,80911,belinda,pop,0.5
80912,80912,belita,pop,0
80913,80955,bella thorne,pop,0.1
80956,81128,belle sebastian,pop,0
81129,81211,benny benassi,pop,0.5
81212,81472,beyonce,pop,40.8
81473,81586,big time rush,pop,0.7
81587,81654,big bang,hip hop,1
81655,81698,billie the vision and the dancers,pop,0
81699,81862,black eyed peas,hip hop,14
81863,81909,blake lewis,pop,0
81910,82015,blue,pop,0.3
82016,82091,bob sinclar,Pop,0.1
82092,82113,bow wow wow,pop,0
82114,82237,bread,pop,1.8
82238,82247,brenno creezy,pop,0
82248,82321,bridgit mendler,pop,0.5
82322,82630,britney spears,pop,9.8
82631,82631,bruna rocha,pop,0
82632,82632,bruni b,pop,0
82633,82646,bruno bessa,pop,0
82647,82790,bruno mars,pop,39.9
82791,82791,bruno maury,pop,0
82792,82793,bryan haller,pop,0
82794,82801,burlesque trilha sonora,pop,0
82802,82805,cadu ferreira,pop,0
82806,82807,caio dias,pop,0
82808,82919,calvin harris,Pop,0.1
82920,82977,camila cabello,pop,9.2
82978,83022,camp rock,pop,1.6
83023,83127,carly rae jepsen,pop,10
83128,83295,carole king,pop,0.6
83296,83306,cartho,pop,0
83307,83419,cascada,Pop,0.1
83420,83480,cash cash,pop,5.4
83481,83500,cassia eller,rock,7.5
83501,83585,cassie,pop,0.2
83586,83770,cat stevens,pop,1.8
83771,83996,celine dion,pop,13
83997,84003,chantelle paige,pop,0
84004,84089,charice,pop,0.2
84090,84090,chay suede,pop,0.1
84091,84173,the cheetah girls,pop,0
84174,84485,cher,pop,3.5
84486,84567,cher lloyd,pop,0.6
84568,84643,cheryl,pop,0.1
84644,84675,chiddy bang,hip hop,0
84676,84710,china anne mcclain,pop,0.1
84711,85295,chris brown,hip hop,14.3
85296,85299,chris richardson,rock,0
85300,85306,jose christian chavez,pop,0
85307,85520,christina aguilera,pop,9
85521,85599,christina grimmie,pop,0.2
85600,85672,christina milian,hip hop,0
85673,85759,christina perri,pop,39.4
85760,85850,christopher cross,pop,1.5
85851,85862,christopher uckermann,pop,0.1
85863,85871,chungha,pop,0.1
85872,86035,ciara,hip hop,2.5
86036,86166,cimorelli,pop,0.2
86167,86167,cine,pop,1.1
86168,86174,claudia leitte,pop,5.3
86175,86179,cleo,pop,1.6
86180,86311,cody simpson,pop,0.7
86312,86438,colbie caillat,pop,5.5
86439,86467,college 11,pop,0
86468,86525,conor maynard,pop,0.6
86526,86562,corbin bleu,pop,0
86563,86679,crowded house,pop,1
86680,86680,cteste,pop,0
86681,86691,cymia telleria,pop,0
86692,86945,cyndi lauper,pop,7.5
86946,86961,d woods,hip hop,0
86962,87001,dan,rock,0
87002,87009,daniel siwek,pop,0
87010,87059,danni carlos,pop,0.8
87060,87062,dave august,pop,0
87063,87200,david archuleta,pop,0.6
87201,87389,david guetta,pop,10.5
87390,87396,deborah campioni,pop,0
87397,87443,deee lite,pop,0
87444,87642,demi lovato,pop,21.1
87643,87739,dev,Pop,0.1
87740,87740,di santos,Pop,0.1
87741,87760,dima bilan,pop,0
87761,87876,dionne warwick,pop,2.8
87877,87878,dj guiih,pop,0
87879,87880,dj pv,Pop,0.1
87881,87966,don henley,pop,0.2
87967,87968,double suica,pop,0
87969,88081,drake bell,pop,0.3
88082,88082,du rique,pop,0
88083,88086,dubboy,pop,0
88087,88144,duffy,pop,0.3
88145,88366,duran duran,pop,2.8
88367,88557,ed sheeran,Pop,0.1
88558,88578,edens crush,pop,0
88579,88606,eduardo leveck,pop,0
88607,88750,ellie goulding,pop,18.3
88751,89386,elton john,Pop,0.1
89387,89437,emily osment,Pop,0.1
89438,89522,enrique iglesias,pop,7.2
89523,89747,erasure,pop,0.9
89748,89805,eric saade,pop,0
89806,89814,erthal,pop,0
89815,89818,ester campos,pop,0
89819,89819,etto,pop,0
89820,89820,fabiano macieira,pop,0
89821,89825,fabio blanc,pop,0
89826,89827,fabio coco,hip hop,0
89828,89921,far east movement,pop,0.3
89922,90010,fergie,hip hop,3.5
90011,90016,fernando leite,pop,0
90017,90162,fifth harmony,pop,5.5
90163,90164,fiuk,pop,0.3
90165,90271,five,pop,0.3
90272,90408,flo rida,hip hop,2.4
90409,90439,forever in your mind,pop,0.1
90440,90476,frankie goes to hollywood,pop,0.1
90477,90482,gabriel albuquerque,pop,0
90483,90693,genesis,pop,2.1
90694,90694,geo,pop,0
90695,90844,george michael,pop,5.1
90845,90845,geovane santos,pop,0
90846,90909,geri halliwell,pop,0.1
90910,90910,gil liima,pop,0
90911,90969,girlicious,pop,0
90970,91037,girls generation,pop,0.4
91038,91747,glee,pop,8
91748,91751,gold n soul,rock,0
91752,91844,goldfrapp,pop,0
91845,91890,greyson chance,pop,0.1
91891,91891,guilherme arantes,pop,3.1
91892,91896,gus7avo diniz,pop,0
91897,91900,gustavo goulart,rock,0
91901,92001,gwen stefani,pop,1.4
92002,92018,gwenno,pop,0
92019,92274,hanson,pop,1.6
92275,92316,he is we,pop,0.6
92317,92382,high school musical,Pop,0.1
92383,92385,high school musical a selecao,pop,0
92386,92511,hilary duff,pop,0.7
92512,92512,hori,pop,0.3
92513,92515,huntr,pop,0
92516,92546,im5,pop,0
92547,92717,inxs,rock,1.7
92718,92729,israel cruz,hip hop,0
92730,92740,ivete sangalo,pop,11.5
92741,92750,iza,pop,14.6
92751,92866,jaci velasquez,pop,0.2
92867,93105,jackson 5,pop,2.6
93106,93215,james arthur,pop,20.9
93216,93217,james biaggie,pop,0
93218,93334,james blunt,pop,7.2
93335,93353,jamie lynn spears,pop,0
93354,93490,jamiroquai,pop,0.5
93491,93745,janet jackson,pop,2.1
93746,93746,jarzo alves,pop,0
93747,93808,jasmine villegas,pop,0
93809,93933,jason derulo,pop,3.1
93934,93939,jax jones,pop,0.3
93940,94068,jay sean,pop,0.4
94069,94069,jeferson montez,pop,0
94070,94123,jennette mccurdy,pop,0.1
94124,94223,jennifer hudson,pop,1.1
94224,94403,jennifer lopez,pop,5.8
94404,94526,jesse mccartney,pop,2.7
94527,94644,jessica simpson,pop,0.4
94645,94795,jessie j,pop,26.3
94796,95056,jewel,pop,0.3
95057,95192,joan osborne,pop,1.8
95193,95196,joe amaurot,pop,0
95197,95223,joe jonas,pop,0.2
95224,95387,jojo,pop,1.4
95388,95556,jonas brothers,pop,1.4
95557,95801,joni mitchell,pop,0.3
95802,95847,jordan knight,pop,0
95848,95950,jordin sparks,pop,0.8
95951,96020,josh rouse,pop,0
96021,96185,joss stone,pop,2.4
96186,96188,jota quest,pop,13.3
96189,96193,ju ribeiro,pop,0
96194,96195,julie ramos,pop,0
96196,96198,jullie,pop,0.2
96199,96433,justin bieber,pop,28.3
96434,96592,justin timberlake,hip hop,14.5
96593,96593,k r aleatorio,pop,0
96594,96595,king 11,Pop,0.1
96596,96605,k bel,pop,0
96606,96680,karmin,pop,0.1
96681,96711,kat graham,pop,0.1
96712,96778,katy b,pop,0.1
96779,96966,katy perry,pop,18.3
96967,96986,kdrew,pop,0
96987,97091,keke palmer,hip hop,0
97092,97092,kel do nascimento,pop,0
97093,97329,kelly clarkson,pop,7.7
97330,97332,kelly key,pop,1.8
97333,97333,kelsey m,Pop,0.1
97334,97464,kerli,pop,0.9
97465,97682,kesha,pop,2.6
97683,97704,kevin rudolf,pop,0
97705,97808,kharlles,pop,0
97809,97812,kid abelha,pop,4.8
97813,97818,klb,pop,2.5
97819,97820,kudai,pop,0
97821,98226,kylie minogue,Pop,0.1
98227,98348,lady antebellum,pop,3.5
98349,98614,lady gaga,pop,93.9
98615,98626,language of flowers,pop,0
98627,98631,lari padua,pop,0
98632,98634,latino,pop,2.1
98635,98647,laura jansen,pop,0
98648,98685,laura pausini,pop,9.4
98686,98726,leighton meester,pop,0.1
98727,98730,lene alexandra,pop,0
98731,98732,lenylson luan,pop,0
98733,98735,leoana,pop,0
98736,98855,leona lewis,pop,2.3
98856,98856,leveckendz,pop,0
98857,99022,lifehouse,rock,7.5
99023,99140,lily allen,pop,3.6
99141,99142,lindsey martinez,pop,0
99143,99285,little mix,pop,12.9
99286,99300,little nation,pop,0
99301,99369,lmfao,pop,0.7
99370,99445,lorde,pop,3.9
99446,99450,lsd labrinth sia diplo,pop,9
99451,99453,lu andrade,pop,0
99454,99455,luan santana,sertanejo,17.2
99456,99460,luc ivor,pop,0
99461,99466,lulu santos,rock,10
99467,99606,m i a,hip hop,0.9
99607,99833,mac miller,hip hop,1.4
99834,99853,maddi jane,pop,0
99854,100004,madness,pop,0.2
100005,100351,madonna,pop,12.7
100352,100484,mandy moore,pop,0.9
100485,100500,manu chao,pop,1.5
100501,100502,manu gavassi,pop,2
100503,100504,marcella,pop,0
100505,100507,marcos valle,pop,0.3
100508,100516,maria gadu,pop,6.1
100517,100517,maria julia bozzolan,pop,0
100518,100519,maria rita,samba,2.8
100520,100808,mariah carey,pop,13.9
100809,100809,mariana bell,pop,0
100810,100811,mariana rios,pop,0
100812,100935,marina and the diamonds,Pop,0.1
100936,100948,marina elali,pop,0.9
100949,100956,marina lima,pop,1.7
100957,100967,marjorie estiano,pop,0.8
100968,101142,maroon 5,pop,90.3
101143,101166,mattheus maximo,pop,0
101167,101204,matthew morrison,pop,0
101205,101205,mauricio manieri,pop,1.7
101206,101215,maylon,Pop,0.1
101216,101397,mcfly,pop,2.2
101398,101490,meghan trainor,pop,5.5
101491,101651,melanie c,pop,0.3
101652,101660,melon,pop,0
101661,101663,metro,pop,0.2
101664,101665,micah elloh,pop,0
101666,101859,michael buble,Pop,0.1
101860,102180,michael jackson,pop,35.3
102181,102182,mietta,pop,0
102183,102284,mika,pop,1.1
102285,102404,mike posner,pop,4.1
102405,102682,miley cyrus,pop,16.6
102683,102718,mindless behavior,hip hop,0
102719,102780,miranda cosgrove,pop,0.4
102781,102782,miss daja,pop,0
102783,102831,mitchel musso,pop,0
102832,103029,ma,pop,0
103030,103094,nancy sinatra,pop,0.3
103095,103105,natalia damini,pop,0
103106,103187,natalia kills,pop,0.2
103188,103190,natalie la rose,pop,0
103191,103288,natasha bedingfield,pop,0.8
103289,103295,natasha leah,pop,0.1
103296,103296,naviguer,Pop,0.1
103297,103613,ne yo,hip hop,6.1
103614,103709,neil sedaka,pop,0.5
103710,103833,nelly furtado,pop,2
103834,103834,nellyy chris,pop,0
103835,103900,neon hitch,pop,0.1
103901,104023,new kids on the block,pop,0.8
104024,104044,niall horan,pop,1.6
104045,104127,nick carter,pop,0.4
104128,104233,nick jonas,pop,1.9
104234,104527,nicki minaj,pop,13.9
104528,104546,nicola roberts,pop,0
104547,104670,nicole scherzinger,pop,0.7
104671,104671,nina joory,funk carioca,0
104672,104680,nkotbsb,pop,0
104681,104706,no secrets,pop,0
104707,104711,novembersky,Pop,0.1
104712,104771,o town,pop,0
104772,104775,off the king,pop,0
104776,104776,offcase,pop,0
104777,104815,oh land,pop,0
104816,104942,olly murs,pop,0.8
104943,105091,one direction,pop,14.2
105092,105122,outasight,pop,0.1
105123,105125,ov7,pop,0.1
105126,105274,owl city,pop,0.7
105275,105278,paolo meola,pop,0
105279,105313,paris hilton,pop,0.1
105314,105360,patrick nuo,pop,0
105361,105365,patrona,hip hop,0
105366,105420,paula abdul,pop,0.2
105421,105437,paula fernandes,sertanejo,10.4
105438,105460,paulina rubio,pop,0.2
105461,105478,paulo ricardo,pop,2.2
105479,105775,pet shop boys,pop,4.1
105776,105871,pharrell williams,pop,4
105872,106059,pink,pop,38.1
106060,106264,pitbull,pop,2.6
106265,106386,pixie lott,pop,0.2
106387,106423,pj morton,pop,0
106424,106554,prefab sprout,pop,0.1
106555,106561,psy,pop,1.4
106562,106608,ragnbone man,pop,6.6
106609,106609,raphaella,funk carioca,0
106610,106682,raven symone,pop,0
106683,106697,rbd,pop,9.8
106698,106711,rebecca black,pop,0.2
106712,106716,rebelde rede record,Pop,0.1
106717,106718,reik,pop,0.7
106719,106719,restart,pop,0.8
106720,106720,ria mae,pop,0
106721,106843,rick astley,pop,1.6
106844,106865,rick springfield,pop,0
106866,106915,ricky martin,pop,3.5
106916,107182,rihanna,pop,40
107183,107263,rita ora,pop,5.7
107264,107560,robbie williams,pop,4.5
107561,107664,robyn,pop,0.8
107665,107672,roupa nova,pop,12.8
107673,107881,roxette,pop,9.7
107882,107882,roya,pop,0
107883,107883,rude,rock,0.1
107884,108069,saint etienne,pop,0
108070,108121,samantha jade,pop,0
108122,108134,sandy,pop,9.3
108135,108156,sandy junior,pop,14
108157,108271,sara bareilles,pop,1.9
108272,108294,savannah outen,pop,0
108295,108316,se7en,pop,0
108317,108491,seal,pop,3.4
108492,108583,sean kingston,pop,1.9
108584,108584,sebah,pop,0
108585,108757,selena gomez,pop,12.2
108758,108819,september,pop,0.2
108820,108894,shakira,pop,33.5
108895,108993,shanell,pop,0.1
108994,109129,shania twain,pop,8
109130,109223,shawn mendes,pop,35.8
109224,109420,sia,pop,15.6
109421,109570,simply red,Pop,0.1
109571,109571,six pack,pop,0
109572,109575,skank,rock,12.3
109576,109612,slow club,pop,0
109613,109629,sonohra,pop,0.2
109630,109695,spandau ballet,pop,0.5
109696,109793,spice girls,pop,3.6
109794,109803,sterling knight,pop,0.2
109804,109956,sugababes,pop,0.2
109957,109960,ho yeow sun,pop,0
109961,110002,super junior,pop,0.4
110003,110014,superheavy,pop,0
110015,110145,supertramp,pop,2.1
110146,110194,t a t u,pop,0.7
110195,110288,taio cruz,pop,1
110289,110452,take that,pop,1.2
110453,110464,tammin,pop,0
110465,110469,tangina stone,pop,0
110470,110750,taylor swift,pop,28.1
110751,110865,tears for fears,pop,4.4
110866,110892,thalia,pop,2.5
110893,110893,thalles roberto,pop,6.8
110894,110932,the asteroids galaxy tour,pop,0
110933,110994,the cab,rock,0.1
110995,111098,the cardigans,pop,0.4
111099,111208,the cars,Pop,0.1
111209,111214,the chiffons,pop,0
111215,111362,the corrs,pop,1.2
111363,111469,human league,pop,0
111470,111557,mamas papas,pop,0
111558,111643,the naked brothers band,rock,0
111644,111722,the pussycat dolls,hip hop,3.4
111723,111802,the ready set,pop,0
111803,111815,the ronettes,pop,0.2
111816,111925,the saturdays,pop,0.2
111926,111939,the shangri las,pop,0
111940,112198,supremes,pop,0
112199,112238,the ting tings,pop,0.1
112239,112312,the wanted,pop,2.4
112313,112317,thiago arancam,pop,0
112318,112323,thiago motta,pop,0.1
112324,112360,tiago iorc,pop,13.3
112361,112528,tina turner,pop,3.2
112529,112535,tiziano ferro,pop,2.1
112536,112536,torugo teles,rock,0
112537,112538,tounoir,pop,0
112539,112626,tove lo,pop,4.3
112627,112744,tracy chapman,pop,4.1
112745,112777,travie mccoy,hip hop,0.4
112778,112824,us5,pop,0.1
112825,113102,usher,hip hop,4.3
113103,113113,v factory,pop,0
113114,113115,valdo oliveira,pop,0
113116,113205,vanessa carlton,pop,1.8
113206,113207,vanessa da mata,pop,5
113208,113279,vanessa hudgens,pop,0.7
113280,113325,victoria beckham,pop,0
113326,113399,victoria justice victorious,pop,0
113400,113400,victoria pfeifer,pop,0
113401,113427,violetta,pop,2
113428,113492,walk the moon,pop,0.6
113493,113527,wanessa camargo,pop,1.7
113528,113541,wesley ignacio,pop,0
113542,113779,westlife,pop,3.9
113780,113929,whitney houston,Pop,0.1
113930,113930,will b,pop,0
113931,114010,willow smith,pop,0.4
114011,114027,wonder girls,pop,0
114028,114029,woodmind,pop,0
114030,114034,xuxa,pop,14.1
114035,114038,zabot,pop,0.1
114039,114041,zelia duncan,pop,1.7
114042,114107,zendaya,pop,0.6
114108,114109,almir sater,sertanejo,4.3
114110,114111,chitaozinho e xororo,sertanejo,16.2
114112,114112,christian ralf,sertanejo,4
114113,114113,daniel,sertanejo,8.3
114114,114116,fernando e sorocaba,sertanejo,5.4
114117,114117,george henrique e rodrigo,sertanejo,1.8
114118,114119,gui amaral,sertanejo,0.2
114120,114120,guilherme e santiago,sertanejo,3
114121,114123,j a thomas,sertanejo,0
114124,114126,jorge e mateus,sertanejo,34.7
114127,114127,jose josue,Pop,0.1
114128,114129,luan santana,sertanejo,17.2
114130,114131,lucas lucco,sertanejo,5.4
114132,114132,marcos e belutti,sertanejo,5.6
114133,114135,michel telo,sertanejo,2.5
114136,114152,paula fernandes,sertanejo,10.4
114153,114154,ronny e rangel,sertanejo,0.1
114155,114155,suellen lima,sertanejo,1.7
114156,114156,thaeme e thiago,sertanejo,2.4
114157,114157,victor ugo,sertanejo,0
114158,114164,viktor hiugo,rock,0
114165,114169,zeze di camargo e luciano,sertanejo,36.7
114170,114187,anitta,pop,40.1
114188,114193,bonde do role,funk carioca,0.1
114194,114194,buchecha,funk carioca,0.5
114195,114195,furacao 2000,funk carioca,2.8
114196,114199,lenny b,funk carioca,0
114200,114200,ludmilla,funk carioca,6.5
114201,114340,m i a,hip hop,0.9
114341,114342,mr catra,funk carioca,4
114343,114343,nina joory,funk carioca,0
114344,114345,pancadao do caldeirao do huck,funk carioca,0.2
114346,114346,raphaella,funk carioca,0
114347,114348,alcione,samba,5.1
114349,114349,alexandre pires,samba,6.2
114350,114358,carmen miranda,samba,0.4
114359,114359,elza soares,samba,1.5
114360,114363,jorge ben jor,samba,3.5
114364,114365,maria rita,samba,2.8
114366,114372,nayara portela,samba,0
114373,114394,sambo,samba,0.8
114395,114395,zeca pagodinho,samba,13.2
